Designator,Mid X,Mid Y,Layer,Rotation
MX1,18.4285mm,-60.4840mm,Bottom,0
MX2,37.4785mm,-60.4840mm,Bottom,0
MX3,56.5285mm,-60.4840mm,Bottom,0
MX4,75.5785mm,-60.4840mm,Bottom,0
MX5,94.6285mm,-60.4840mm,Bottom,0
MX6,113.6785mm,-60.4840mm,Bottom,0
MX7,189.8785mm,-60.4840mm,Bottom,0
MX8,208.9285mm,-60.4840mm,Bottom,0
MX9,227.9785mm,-60.4840mm,Bottom,0
MX10,247.0285mm,-60.4840mm,Bottom,0
MX11,266.0785mm,-60.4840mm,Bottom,0
MX12,285.1285mm,-60.4840mm,Bottom,0
MX13,18.4285mm,-79.5340mm,Bottom,0
MX14,37.4785mm,-79.5340mm,Bottom,0
MX15,56.5285mm,-79.5340mm,Bottom,0
MX16,75.5785mm,-79.5340mm,Bottom,0
MX17,94.6285mm,-79.5340mm,Bottom,0
MX18,113.6785mm,-79.5340mm,Bottom,0
MX19,189.8785mm,-79.5340mm,Bottom,0
MX20,208.9285mm,-79.5340mm,Bottom,0
MX21,227.9785mm,-79.5340mm,Bottom,0
MX22,247.0285mm,-79.5340mm,Bottom,0
MX23,266.0785mm,-79.5340mm,Bottom,0
MX24,285.1285mm,-79.5340mm,Bottom,0
MX25,18.4285mm,-98.5840mm,Bottom,0
MX26,37.4785mm,-98.5840mm,Bottom,0
MX27,56.5285mm,-98.5840mm,Bottom,0
MX28,75.5785mm,-98.5840mm,Bottom,0
MX29,94.6285mm,-98.5840mm,Bottom,0
MX30,113.6785mm,-98.5840mm,Bottom,0
MX31,189.8785mm,-98.5840mm,Bottom,0
MX32,208.9285mm,-98.5840mm,Bottom,0
MX33,227.9785mm,-98.5840mm,Bottom,0
MX34,247.0285mm,-98.5840mm,Bottom,0
MX35,266.0785mm,-98.5840mm,Bottom,0
MX36,285.1285mm,-98.5840mm,Bottom,0
MX37,18.4285mm,-117.6340mm,Bottom,0
MX38,37.4785mm,-117.6340mm,Bottom,0
MX39,56.5285mm,-117.6340mm,Bottom,0
MX40,75.5785mm,-117.6340mm,Bottom,0
MX41,94.6285mm,-117.6340mm,Bottom,0
MX42,113.6785mm,-117.6340mm,Bottom,0
MX43,189.8785mm,-117.6340mm,Bottom,0
MX44,208.9285mm,-117.6340mm,Bottom,0
MX45,227.9785mm,-117.6340mm,Bottom,0
MX46,247.0285mm,-117.6340mm,Bottom,0
MX47,266.0785mm,-117.6340mm,Bottom,0
MX48,285.1285mm,-117.6340mm,Bottom,0
C1,149.2500mm,-93.5000mm,Top,0
C2,155.5500mm,-93.5000mm,Top,180
C3,152.4000mm,-118.8000mm,Top,180
C6,160.3500mm,-93.5000mm,Top,180
C7,144.4500mm,-93.5000mm,Top,0
C10,147.1200mm,-74.4000mm,Top,180
C11,147.1200mm,-78.0000mm,Top,180
C12,151.3000mm,-80.6000mm,Bottom,180
C13,154.5000mm,-80.6000mm,Bottom,0
C14,157.6800mm,-78.0000mm,Top,0
C15,157.6800mm,-74.4000mm,Top,0
C17,156.3000mm,-72.7000mm,Top,0
C18,154.4500mm,-70.7000mm,Top,90
C20,152.7500mm,-70.6000mm,Top,90
C22,141.6120mm,-73.2000mm,Top,270
D1,134.6900mm,-76.7500mm,Top,180
D2,132.3100mm,-74.2000mm,Top,180
D3,134.6900mm,-71.6500mm,Top,180
D4,132.3100mm,-69.1000mm,Top,180
D5,134.6900mm,-66.5500mm,Top,180
D6,132.3100mm,-64.0000mm,Top,180
D7,172.4900mm,-64.0000mm,Top,0
D8,170.1100mm,-66.5500mm,Top,0
D9,172.4900mm,-69.1000mm,Top,0
D10,170.1100mm,-71.6500mm,Top,0
D11,172.4900mm,-74.2000mm,Top,0
D12,170.1100mm,-76.7500mm,Top,0
D13,134.6900mm,-92.0500mm,Top,180
D14,132.3100mm,-89.5000mm,Top,180
D15,134.6900mm,-86.9500mm,Top,180
D16,132.3100mm,-84.4000mm,Top,180
D17,134.6900mm,-81.8500mm,Top,180
D18,132.3100mm,-79.3000mm,Top,180
D19,172.4900mm,-79.3000mm,Top,0
D20,170.1100mm,-81.8500mm,Top,0
D21,172.4900mm,-84.4000mm,Top,0
D22,170.1100mm,-86.9500mm,Top,0
D23,172.4900mm,-89.5000mm,Top,0
D24,170.1100mm,-92.0500mm,Top,0
D25,134.6900mm,-107.3500mm,Top,180
D26,132.3100mm,-104.8000mm,Top,180
D27,134.6900mm,-102.2500mm,Top,180
D28,132.3100mm,-99.7000mm,Top,180
D29,134.6900mm,-97.1500mm,Top,180
D30,132.3100mm,-94.6000mm,Top,180
D31,172.4900mm,-94.6000mm,Top,0
D32,170.1100mm,-97.1500mm,Top,0
D33,172.4900mm,-99.7000mm,Top,0
D34,170.1100mm,-102.2500mm,Top,0
D35,172.4900mm,-104.8000mm,Top,0
D36,170.1100mm,-107.3500mm,Top,0
D37,134.6900mm,-122.6500mm,Top,180
D38,132.3100mm,-120.1000mm,Top,180
D39,134.6900mm,-117.5500mm,Top,180
D40,132.3100mm,-115.0000mm,Top,180
D41,134.6900mm,-112.4500mm,Top,180
D42,132.3100mm,-109.9000mm,Top,180
D43,172.4900mm,-109.9000mm,Top,0
D44,170.1100mm,-112.4500mm,Top,0
D45,172.4900mm,-115.0000mm,Top,0
D46,170.1100mm,-117.5500mm,Top,0
D47,172.4900mm,-120.1000mm,Top,0
D48,170.1100mm,-122.6500mm,Top,0
F1,160.3500mm,-86.9500mm,Top,90
J1,152.4000mm,-62.1060mm,Bottom,180
LED1,143.8000mm,-63.0000mm,Top,180
LED2,161.0000mm,-63.0000mm,Top,0
R2,162.4100mm,-57.0000mm,Top,0
R3,162.4100mm,-59.5000mm,Top,0
R5,142.4100mm,-57.0000mm,Top,0
R6,142.4100mm,-59.5000mm,Top,0
R7,145.4000mm,-70.0000mm,Bottom,90
R8,159.4000mm,-70.0000mm,Bottom,90
R9,150.2000mm,-102.7900mm,Top,90
R10,154.6000mm,-102.7900mm,Top,90
R11,152.6000mm,-82.5000mm,Top,270
SW1,145.2500mm,-107.2500mm,Top,90
SW2,159.5500mm,-107.2500mm,Top,90
U1,152.4000mm,-77.0000mm,Top,0
U2,145.2000mm,-69.6000mm,Top,90
U3,144.2500mm,-87.6600mm,Top,90
U4,152.4000mm,-65.6000mm,Bottom,90
Y1,152.4000mm,-88.0000mm,Top,0
