Comment,Designator,Footprint,LCSC Part #
CPG151101S11 hot-swap socket,"MX1,MX2,MX3,MX4,MX5,MX6,MX7,MX8,MX9,MX10,MX11,MX12,MX13,MX14,MX15,MX16,MX17,MX18,MX19,MX20,MX21,MX22,MX23,MX24,MX25,MX26,MX27,MX28,MX29,MX30,MX31,MX32,MX33,MX34,MX35,MX36,MX37,MX38,MX39,MX40,MX41,MX42,MX43,MX44,MX45,MX46,MX47,MX48",Kailh_MX_Hotswap_Socket,C41430893
22p,"C1,C2",C_Disc_D3.0mm_W1.6mm_P2.50mm,C2170230
100n,"C10,C11,C12,C13,C14,C15,C20,C22",C_0402_1005Metric,C1525
1u,"C17,C18",C_0402_1005Metric,C52923
10u,C3,CP_Radial_D4.0mm_P1.50mm,C43846
1u,"C6,C7",C_Disc_D3.0mm_W2.0mm_P2.50mm,C1620326
1N4148,"D1,D2,D3,D4,D5,D6,D7,D8,D9,D10,D11,D12,D13,D14,D15,D16,D17,D18,D19,D20,D21,D22,D23,D24,D25,D26,D27,D28,D29,D30,D31,D32,D33,D34,D35,D36,D37,D38,D39,D40,D41,D42,D43,D44,D45,D46,D47,D48",D_DO-35_SOD27_P7.62mm_Horizontal,C84410
100mA,F1,Fuse_Bourns_MF-RHT100,C89660
USB-C,J1,TYPE-C-31-M-12,C165948
RED,LED1,LED_D3.0mm,C99772
GREEN,LED2,LED_D3.0mm,C85161
1k,R10,R_Axial_DIN0204_L3.6mm_D1.6mm_P7.62mm_Horizontal,C2903331
27R,"R2,R3",R_Axial_DIN0204_L3.6mm_D1.6mm_P7.62mm_Horizontal,C119144
5.1k,"R5,R6",R_Axial_DIN0204_L3.6mm_D1.6mm_P7.62mm_Horizontal,C119195
1k,"R7,R8,R11",R_0402_1005Metric,C11702
10k,R9,R_Axial_DIN0204_L3.6mm_D1.6mm_P7.62mm_Horizontal,C119202
RESET/BOOT,"SW1,SW2",SW_PUSH_6mm,C83205
RP2040,U1,QFN-56-1EP_7x7mm_P0.4mm_EP3.2x3.2mm,C2040
W25Q16JVSSIQ,U2,SOIC-8_5.3x5.3mm_P1.27mm,C131025
MCP1700-3302E,U3,TO-92_Inline_Wide,C511277
USBLC6-2SC6,U4,SOT-23-6,C7519
12MHz,Y1,Crystal_HC49-4H_Vertical,C16369
